<?xml version="1.0" encoding="ISO-8859-1" standalone="no"?>

<!DOCTYPE document SYSTEM '../../common/dtd/objectweb.dtd'>

<document>
  <properties>
    <author email="carol@objectweb.org">carol@objectweb.org</author>
    <title>History</title>
    <filename>history.xml</filename>
    <pathtoroot>.</pathtoroot>
  </properties>

  <body>
    <s1 name="History">

      <subtitle>25 May 2005: CAROL 2.0.5 is available!</subtitle>
      <p>CAROL 2.0.5 contains fixes and is a release candidate of CAROL.</p>

      <subtitle>13 April 2005: CAROL 2.0.0 is available!</subtitle>
      <p>CAROL 2.0.0 is a release candidate of CAROL.</p>

      <subtitle>9 Fev 2005: CAROL 1.8.9 is available!</subtitle>
      <p>CAROL 1.8.9 is a stable release of CAROL.</p>

      <subtitle>9 Dec 2004: CAROL 1.8.4 is available!</subtitle>
      <p>CAROL 1.8.4 is a stable release of CAROL.</p>

      <subtitle>13 Oct 2004: CAROL 1.8.3 is available!</subtitle>
      <p>CAROL 1.8.3 is a stable release of CAROL.</p>

      <subtitle>22 Sep 2004: CAROL 1.8.2 is available!</subtitle>
      <p>CAROL 1.8.2 is a stable release of CAROL.</p>

      <subtitle>20 May 2004: CAROL 1.8.0 is available!</subtitle>
      <p>CAROL 1.8.0 is the stable release of CAROL.</p>

      <subtitle>12 Mars 2004: CAROL 1.7.5 is available!</subtitle>
      <p>CAROL 1.7.5 is the stable release of CAROL.</p>

      <subtitle>4 Fev 2004: CAROL 1.6 is available!</subtitle>
      <p>CAROL 1.6 is the stable release of CAROL.</p>

      <subtitle>4 Dec 2003: CAROL 1.5.7 is available!</subtitle>
      <p>CAROL 1.5.7 is the stable release of CAROL.</p>

      <subtitle>20 June 2003: CAROL 1.5.1 is available!</subtitle>
      <p>CAROL 1.5.1 is the stable release of CAROL.</p>

      <subtitle>15 April 2003: CAROL 1.4.0 is available!</subtitle>
      <p>CAROL 1.4.0 is the stable release of CAROL.</p>

      <subtitle>17 March 2003: CAROL 1.3.4 is available!</subtitle>
      <p>CAROL 1.3.4 is the stable release of CAROL.</p>

      <subtitle>25 February 2003: CAROL 1.3.2 is available!</subtitle>
      <p>CAROL 1.3.2 is the stable release of CAROL.</p>

     <subtitle>23 February 2003: CAROL 1.3.1 is available!</subtitle>
      <p>CAROL 1.3.1 is the stable release of CAROL.</p>

      <subtitle>15 January 2003: CAROL 1.2.0 is available!</subtitle>
      <p>CAROL 1.2.0 is an unstable release of CAROL.</p>

      <subtitle>3 January 2003: CAROL 1.1.0 is available!</subtitle>
      <p>CAROL 1.1.0 is an unstable release of CAROL.</p>

      <subtitle>12 November 2002: CAROL 1.0.2 is available!</subtitle>
      <p>CAROL 1.0.2 is the stable release of CAROL.</p>

      <subtitle>1 November 2002: CAROL 1.0.1 is available!</subtitle>
      <p>CAROL 1.0.1 is the first stable release of CAROL.</p>

      <subtitle>6 August 2002: CAROL 0.1 beta is available!</subtitle>
      <p>CAROL 0.1 Beta is the first release of CAROL.</p>

    </s1>

  </body>

</document>
