<?xml version="1.0" encoding="ISO-8859-1" standalone="no"?>

<!DOCTYPE document SYSTEM '../../common/dtd/objectweb.dtd'>

<document>
  <properties>
    <author email="carol@objectweb.org">carol@objectweb.org</author>
    <title>Home Page</title>
    <filename>index.xml</filename>
    <pathtoroot>.</pathtoroot>
  </properties>

  <body>
    <s1 name="Recent News">
      <subtitle>25 May 2005: CAROL 2.0.5 is available!</subtitle>
      <p>CAROL 2.0.5 is the last release of CAROL.<br/>
	    This version is used by JOnAS 4.4 which is a <a href="http://java.sun.com/j2ee/compatibility.html">J2EE<sup>TM</sup> compliant</a> application server.
		  There was a lot of code refactoring in this version and a lot of cleanup.<br/>
			Monolog which was used for logging has been replaced by Jakarta commons logging.<br/>
      There is a new Wrapper for JacORB which is used for RMI-IIOP protocol which support CSIv2.<br/>
			Also, commons-cli is not used anymore.<br/>
      Many new tests have been developed to avoid new errors.
      Please see <connect href="index.xml#carol">here</connect> for detailed information
      on this release.</p>
      <p>Carol requires Commons-logging library at runtime. JMX is an optional library and JMX is also present in JDK 5.0</p>
    </s1>

    <s1 name="CAROL: Common Architecture for RMI ObjectWeb Layer" anchor="carol">

      <table border="0">
        <tr>
          <td>
            <connect href="index.xml">
              <img src="./images/carol.png" alt="CAROL logo" height="174" width="325" border="0"/>
            </connect>
          </td>
          <td valign="middle">
            Last release: CAROL 2.0.5<br/>
          </td>
        </tr>
      </table>

      <p><strong>CAROL</strong> is a library allowing to use different
	RMI implementations. Thanks to CAROL, a Java server
	application can be independent of RMI implementations and
	accessible simultaneously by RMI clients using different RMI
	implementations. CAROL allows to design, implement, compile,
	package, deploy, and execute distributed applications
	compliant with the RMI model.</p>

      <p>CAROL is used by JOnAS application server for the protocol layer.</p>


      <p>Currently, CAROL 2.0.5 includes:</p>
      <ul>
        <li>The general mechanism for RMI (Architecture/Provider) independence, which can be deactivated</li>
        <li>The general mechanism for RMI Name Service (Architecture/Provider) independence, which can be deactivated</li>
        <li>A properties file (carol.properties) configuration mechanism</li>
        <li>An object constructor configuration mechanism</li>
        <li>A "Portable Interceptor" like mechanism for Sun RMI JRMP and ObjectWeb jeremie</li>
        <li>A RMI JRMP context propagation performance optimization for local JVM calls</li>
        <li>A serializable wrapper for <code>CosNaming</code> resource binding</li>
  	    <li>ObjectWeb JEREMIE CAROL SPI</li>
  	    <li>ObjectWeb IRMI CAROL SPI</li>
        <li>Sun RMI JRMP 1.1 and 1.2 CAROL SPI</li>
	    <li>Sun RMI IIOP (JDK 1.4) CAROL SPI</li>
        <li>JacORB(IIOP) CAROL SPI</li>
        <li>Set of basic tests with one or two RMI Architecture (RMI IIOP, JRMP 1.1 and JRMP 1.2). There are a lot of new tests since 1.x branch.</li>
        <li>RMI JRMP/RMI Jeremie/JacORB port configuration for fixing firewall issues</li>
        <li>Complete user documentation</li>
        <li>A log mechanism based on commonly used <a href="http://jakarta.apache.org/commons/logging/">Jakarta Commons Logging</a> library</li>
        <li>Basic developer and SPI documentation</li>
        <li>Tools for Name Services management (like Registry or CosNaming)</li>
        <li>A simple JNDI ENC for 'java:comp' Context management.</li>
      	<li>A RMI like Clustering Method Invocation mechanism</li>
        <li>Configuration could be done by using an alternative URL instead of finding carol.properties file in ClassLoader.</li>
        <li>Some JSR 77 MBeans are created when embedded in an application server like JOnAS.</li>
      </ul>
    </s1>

  </body>

</document>
