<?xml version="1.0" encoding="ISO-8859-1" standalone="no"?>

<!DOCTYPE document SYSTEM '../../common/dtd/objectweb.dtd'>

<document>
  <properties>
    <author email="carol@objectweb.org">carol@objectweb.org</author>
    <title>License</title>
    <filename>license.xml</filename>
    <pathtoroot>.</pathtoroot>
  </properties>
  
  <body>
    
    <s1 name="License">
      
      <p>CAROL is free software ; you can redistribute it and/or modify it 
        under the terms of the <a href="http://www.gnu.org/licenses/lgpl.html">
          GNU Lesser General Public License</a> (LGPL) as published by the Free 
        Software Foundation; either version 2.1, or (at your option) any latter 
        version.</p>
    </s1>
    <s1 name="Other Licenses">

      <p>CAROL uses <em>external code</em> belonging to other projects or products, 
requesting the following licenses to be made available:</p>

      <ul>
        <li>the <a href="http://www.apache.org/LICENSE">Apache Software license</a> 
          for <a href="http://ant.apache.org/">Ant</a>,
	  <a href="http://xml.apache.org/xerces-j/index.html">Xerces Java</a>.</li>
      </ul>
    </s1>
  </body>
</document>
