<?xml version="1.0" encoding="ISO-8859-1" standalone="no"?>

<!DOCTYPE document SYSTEM '../../common/dtd/objectweb.dtd'>

<document>
  <properties>
    <author email="carol@objectweb.org">carol@objectweb.org</author>
    <title>Success Stories</title>
    <filename>success.xml</filename>
    <pathtoroot>.</pathtoroot>
  </properties>

  <body>
    <s1 name="Success Stories">

      <subtitle>The CAROL RPC framework is succesfully integrated in:</subtitle>

      <ul>
	    <li>JOnAS <sup>J2EE</sup> server (<a href="http://jonas.objectweb.org/">JOnAS Web site</a>).</li>
	    <li>JOTM Transaction Manager (<a href="http://jotm.objectweb.org/">JOTM Web site</a>).</li>
	    <li>JETTY Plus Web Container (<a href="http://jetty.mortbay.org/jetty/plus/index.html">JETTY Plus Web site</a>).</li>
      </ul>

      <p>We apologize if we miss some projects. Please <a
      href="mailto:carol@objectweb.org">email us</a> to correct that.</p>

    </s1>

  </body>
</document>
