<?xml version="1.0" encoding="ISO-8859-1" standalone="no"?>

<!DOCTYPE document SYSTEM '../../../common/dtd/objectweb.dtd'>

<document>
  <properties>
    <author email="carol@objectweb.org">carol@objectweb.org</author>
    <title>CAROL Quick Start Guide</title>
    <filename>carol.xml</filename>
    <pathtoroot>..</pathtoroot>
  </properties>

  <body>

    <s1 name="CAROL Usage">

      <p>Quick start for CAROL users</p>

      <p>CAROL use on the server side:</p>
      <ul>
        <li>The Server has to be a <strong>standard</strong> RMI IIOP Server (with PortableRemoteObject export and JNDI bindings).</li>
        <li>Set the Server jvm property by: <code>-Djava.security.policy=${test.ext}/java.policy</code> ... and call, inside the server, the org.objectweb.carol.util.ConfigurationRepository.init() method. You can also give an URL to init() method.</li>
        <li>Set the Server jvm properties by: <code>java -Djavax.rmi.CORBA.PortableRemoteObjectClass=org.objectweb.carol.rmi.multi.MultiPRODelegate -Djava.naming.factory.initial=org.objectweb.carol.jndi.spi.MultiOrbInitialContextFactory</code></li>
          <li>The ow_carol.jar has to be visible in the server classpath.</li>
          <li>Each stub, for each RMI, has to be visible in the server classpath.</li>
          <li>The <code>carol.properties</code> file has to be visible in
	the server classpath (see below for the configuration of this file).</li>
          <li>A <code>java.policy</code> file which grants all permissions has to be visible in the server classpath (see in the conf directory of CAROL).</li>
        </ul>

        <p>CAROL usage on the client side:</p>
        <ul>
          <li>The <code>ow_carol.jar</code> has to be visible in the client classpath.</li>
        </ul>

        <p>
          <code>carol.properties</code> configuration</p>
        <ul>
          <li>This file is for multi RMI and JNDI configuration (see <code>carol/conf/carol.properties</code> for configuration).</li>
        </ul>

      </s1>
      <s1 name="CAROL Compilation and Test">

        <p>Quick start for CAROL testing</p>

        <p>CAROL Building</p>
        <ul>
          <li>
            <a href="http://ant.apache.org">Ant</a> is needed for CAROL compilation. (1.6 version)</li>
          <li>In the carol directory, do an "<code>ant dist</code>".</li>
          <li>see the CAROL distribution in <code>carol/output/dist</code>.</li>
        </ul>

        <p>CAROL Testing</p>
        <ul>
          <li>A<a href="http://ant.apache.org">Ant</a>, JUnit 3.8.1 and JDK 1.4 are needed for CAROL tests.</li>
          <li>In the carol directory, type "<code>ant run.tests</code>"</li>
          <li>See the result in <code>output/dist/test/report</code> directory.</li>
        </ul>
      </s1>
    </body>
  </document>
