<?xml version="1.0" encoding="ISO-8859-1" standalone="no"?>

<!DOCTYPE document SYSTEM '../../../common/dtd/objectweb.dtd'
[<!ENTITY CAROL.version "1.3.2">]>

<document>
  <properties>
    <author email="carol@objectweb.org">carol@objectweb.org</author>
    <title>Documentation</title>
    <filename>index.xml</filename>
    <pathtoroot>..</pathtoroot>
  </properties>
  
  <body>    
    <s1 name="Last Release Documentation">
      <ul>	
	<li><connect href="carol.xml">CAROL Quick Start Guide</connect></li>
	<li>CAROL User Manual [<a href="../current/doc/usermanual/index.html">html</a>] [<a href="../current/doc/usermanual/usermanual.pdf">pdf</a>]</li>
	<li><a href="../current/doc/javadoc/index.html">CAROL Javadoc</a></li>
	<li><connect href="carol-tests.xml">CAROL Tests</connect></li>
      </ul>
    </s1>

    <s1 name="General Documentation">
      <ul>
	<li><a href="http://java.sun.com/products/jdk/rmi/">RMI Web site</a></li>
	<li><a href="http://java.sun.com/products/rmi-iiop/">RMI IIOP Web site</a></li>
	<li><a href="http://java.sun.com/products/jndi/">JNDI Web site</a></li>
	<li><a href="http://www.omg.org/">OMG Web site</a></li>
	<li><a href="http://www.corba.org/">CORBA Web site</a></li>
      </ul>	
    </s1>
  </body>
</document>
