<?xml version="1.0" encoding="UTF-8"?>
<!--
  - - - - - - - - - - - - - - - - - - - - - - - - - - - - - - - - - - - - - - -
  - CMI: Cluster Method Invocation
  - Copyright (C) 2007,2008 Bull S.A.S.
  - Contact: carol@ow2.org
  -
  - This library is free software; you can redistribute it and/or
  - modify it under the terms of the GNU Lesser General Public
  - License as published by the Free Software Foundation; either
  - version 2.1 of the License, or (at your option) any later version.
  -
  - This library is distributed in the hope that it will be useful,
  - but WITHOUT ANY WARRANTY; without even the implied warranty of
  - MERCHANTABILITY or FITNESS FOR A PARTICULAR PURPOSE.  See the GNU
  - Lesser General Public License for more details.
  -
  - You should have received a copy of the GNU Lesser General Public
  - License along with this library; if not, write to the Free Software
  - Foundation, Inc., 51 Franklin Street, Fifth Floor, Boston, MA  02110-1301, USA
  -
  - - - - - - - - - - - - - - - - - - - - - - - - - - - - - - - - - - - - - - -
  - $Id: system_clustered_object_dd.xml 1697 2008-03-20 15:30:17Z loris $
  - - - - - - - - - - - - - - - - - - - - - - - - - - - - - - - - - - - - - - -
-->
<cmi xmlns="http://org.ow2.cmi.info.mapping"
  xmlns:xsi="http://www.w3.org/2001/XMLSchema-instance"
  xsi:schemaLocation="http://org.ow2.cmi.info.mapping
                      http://carol.ow2.org/cmi/cmi-dd.xsd">
  <clusteredObjects>
    <cluster name="System">
      <lbPolicy>
        org.ow2.cmi.lb.policy.FirstAvailable
      </lbPolicy>
      <lbStrategy>
        org.ow2.cmi.lb.strategy.LocalPreference
      </lbStrategy>
    </cluster>
  </clusteredObjects>
</cmi>
