<?xml version="1.0" encoding="ISO-8859-1"?>

<!DOCTYPE project SYSTEM '../../common/dtd/project.dtd'>

<project>

  <title>CAROL</title>

  <description>CAROL (Common Architecture for RMI Objectweb Layer) is a library allowing to use different RMI implementations. Thanks to CAROL, a Java server application can be independent of RMI implementations and accessible simultaneously by RMI clients using different RMI implementations.</description>

  <keywords>CAROL,CORBA,RMI,multi,JNDI,IIOP,JRMP,local,optimization,context,propagation,open,source,free,software,LGPL</keywords>

  <body>

    <menu>
      <legend>Project Links</legend>
      <menuitem><a href="index.html">Home</a></menuitem>
      <menuitem><a href="download/index.html">Download</a></menuitem>
      <menuitem><a href="doc/index.html">Documentation</a></menuitem>
      <menuitem><a href="http://www.objectweb.org/wws/lists/projects/carol">Mailing List</a></menuitem>
      <menuitem><a href="success.html">Success Stories</a></menuitem>
      <menuitem><a href="license.html">License</a></menuitem>
      <menuitem><a href="history.html">History</a></menuitem>
    </menu>

    <menu>
      <legend>Developers' Corner</legend>
      <menuitem><a href="http://forge.objectweb.org/cvs/?group_id=26">CVS Repository</a></menuitem>
      <menuitem><a href="http://forge.objectweb.org/projects/carol/">ObjectWeb Forge Site</a></menuitem>
    </menu>

    <menu>
      <legend>About</legend>
      <menuitem><a href="team.html">Team</a></menuitem>
      <menuitem><a href="mailto:carol@objectweb.org">Contacts</a></menuitem>
    </menu>

  </body>
</project>
