<?xml version="1.0" encoding="UTF-8"?>
<!--
  - - - - - - - - - - - - - - - - - - - - - - - - - - - - - - - - - - - - - - -
  - CMI
  - Copyright (C) 2007 Bull S.A.S.
  - Contact: carol@ow2.org
  -
  - This library is free software; you can redistribute it and/or
  - modify it under the terms of the GNU Lesser General Public
  - License as published by the Free Software Foundation; either
  - version 2.1 of the License, or (at your option) any later version.
  -
  - This library is distributed in the hope that it will be useful,
  - but WITHOUT ANY WARRANTY; without even the implied warranty of
  - MERCHANTABILITY or FITNESS FOR A PARTICULAR PURPOSE.  See the GNU
  - Lesser General Public License for more details.
  -
  - You should have received a copy of the GNU Lesser General Public
  - License along with this library; if not, write to the Free Software
  - Foundation, Inc., 51 Franklin Street, Fifth Floor, Boston, MA  02110-1301, USA
  -
  - - - - - - - - - - - - - - - - - - - - - - - - - - - - - - - - - - - - - - -
  - $Id: assembly-server.xml 1659 2008-03-07 17:46:48Z loris $
  - - - - - - - - - - - - - - - - - - - - - - - - - - - - - - - - - - - - - - -
-->
<assembly
  xmlns="http://maven.apache.org/POM/4.0.0"
  xmlns:xsi="http://www.w3.org/2001/XMLSchema-instance"
  xsi:schemaLocation="http://maven.apache.org/POM/4.0.0 http://maven.apache.org/xsd/assembly-1.0.0.xsd">
  <id>server</id>
  <formats>
    <format>jar</format>
  </formats>
  <includeBaseDirectory>false</includeBaseDirectory>

  <dependencySets>
    <dependencySet>
        <outputDirectory></outputDirectory>
        <includes>
            <include>org.ow2.cmi:cmi-*</include>
        </includes>
        <unpack>true</unpack>
    </dependencySet>
  </dependencySets>

</assembly>
