<?xml version="1.0" encoding="UTF-8"?>
<!--
  - - - - - - - - - - - - - - - - - - - - - - - - - - - - - - - - - - - - - - -
  - CMI: Cluster Method Invocation
  - Copyright (C) 2007,2008 Bull S.A.S.
  - Contact: carol@ow2.org
  -
  - This library is free software; you can redistribute it and/or
  - modify it under the terms of the GNU Lesser General Public
  - License as published by the Free Software Foundation; either
  - version 2.1 of the License, or (at your option) any later version.
  -
  - This library is distributed in the hope that it will be useful,
  - but WITHOUT ANY WARRANTY; without even the implied warranty of
  - MERCHANTABILITY or FITNESS FOR A PARTICULAR PURPOSE.  See the GNU
  - Lesser General Public License for more details.
  -
  - You should have received a copy of the GNU Lesser General Public
  - License along with this library; if not, write to the Free Software
  - Foundation, Inc., 51 Franklin Street, Fifth Floor, Boston, MA  02110-1301, USA
  -
  - - - - - - - - - - - - - - - - - - - - - - - - - - - - - - - - - - - - - - -
  - $Id: cmi-mapping.xml 1668 2008-03-09 16:39:40Z loris $
  - - - - - - - - - - - - - - - - - - - - - - - - - - - - - - - - - - - - - - -
-->
<xmlconfig-mapping xmlns="http://easybeans.ow2.org/xml/ns/xmlconfig"
                   xmlns:xsi="http://www.w3.org/2001/XMLSchema-instance"
                   xsi:schemaLocation="http://easybeans.ow2.org/xml/ns/xmlconfig
                                       http://easybeans.ow2.org/xml/ns/xmlconfig/xmlconfig-mapping_1_0.xsd">

  <package name="org.ow2.cmi.info.mapping">

    <class name="ClusteredObjects" alias="clusteredObjects" />

    <class name="Cluster" alias="cluster">
      <attribute name="clusterName" alias="name" />
      <attribute name="objectName" alias="jndiName" element="true" />
      <attribute name="policyType" alias="policy" element="true" />
      <attribute name="strategyType" alias="strategy" element="true" />
    </class>

    <class name="PropertiesInfo" alias="properties" />

    <class name="SimplePropertyInfo" alias="simpleProperty">
      <attribute name="name" alias="name" />
      <attribute name="value" alias="value" />
    </class>

    <class name="ArrayPropertyInfo" alias="arrayProperty">
      <attribute name="name" alias="name" />
      <attribute name="value" alias="value" element="true" isList="true" getter="getValues" setter="setValues" />
    </class>

  </package>

</xmlconfig-mapping>
