[
    {
        "type": 2,
        "id": 14,
        "cloneCount": 73
    },
    {
        "type": 3,
        "id": 18,
        "cloneCount": 68
    },
    {
        "type": 3,
        "id": 52,
        "cloneCount": 62
    },
    {
        "type": 3,
        "id": 54,
        "cloneCount": 57
    },
    {
        "type": 3,
        "id": 51,
        "cloneCount": 56
    },
    {
        "type": 1,
        "id": 13,
        "cloneCount": 42
    },
    {
        "type": 3,
        "id": 48,
        "cloneCount": 42
    },
    {
        "type": 3,
        "id": 45,
        "cloneCount": 37
    },
    {
        "type": 1,
        "id": 18,
        "cloneCount": 35
    },
    {
        "type": 3,
        "id": 56,
        "cloneCount": 27
    },
    {
        "type": 3,
        "id": 22,
        "cloneCount": 26
    },
    {
        "type": 3,
        "id": 28,
        "cloneCount": 25
    },
    {
        "type": 2,
        "id": 3,
        "cloneCount": 22
    },
    {
        "type": 3,
        "id": 26,
        "cloneCount": 22
    },
    {
        "type": 3,
        "id": 46,
        "cloneCount": 22
    },
    {
        "type": 1,
        "id": 9,
        "cloneCount": 19
    },
    {
        "type": 2,
        "id": 9,
        "cloneCount": 19
    },
    {
        "type": 3,
        "id": 1,
        "cloneCount": 19
    },
    {
        "type": 1,
        "id": 39,
        "cloneCount": 18
    },
    {
        "type": 3,
        "id": 8,
        "cloneCount": 17
    },
    {
        "type": 1,
        "id": 69,
        "cloneCount": 16
    },
    {
        "type": 1,
        "id": 60,
        "cloneCount": 15
    },
    {
        "type": 3,
        "id": 11,
        "cloneCount": 15
    },
    {
        "type": 3,
        "id": 7,
        "cloneCount": 14
    },
    {
        "type": 1,
        "id": 15,
        "cloneCount": 13
    },
    {
        "type": 1,
        "id": 53,
        "cloneCount": 13
    },
    {
        "type": 2,
        "id": 15,
        "cloneCount": 13
    },
    {
        "type": 2,
        "id": 5,
        "cloneCount": 13
    },
    {
        "type": 3,
        "id": 15,
        "cloneCount": 12
    },
    {
        "type": 2,
        "id": 11,
        "cloneCount": 11
    },
    {
        "type": 3,
        "id": 3,
        "cloneCount": 11
    },
    {
        "type": 1,
        "id": 12,
        "cloneCount": 10
    },
    {
        "type": 1,
        "id": 5,
        "cloneCount": 10
    },
    {
        "type": 1,
        "id": 1,
        "cloneCount": 10
    },
    {
        "type": 1,
        "id": 28,
        "cloneCount": 10
    },
    {
        "type": 1,
        "id": 73,
        "cloneCount": 10
    },
    {
        "type": 3,
        "id": 53,
        "cloneCount": 9
    },
    {
        "type": 3,
        "id": 17,
        "cloneCount": 9
    },
    {
        "type": 1,
        "id": 21,
        "cloneCount": 8
    },
    {
        "type": 1,
        "id": 27,
        "cloneCount": 8
    },
    {
        "type": 1,
        "id": 8,
        "cloneCount": 8
    },
    {
        "type": 1,
        "id": 58,
        "cloneCount": 8
    },
    {
        "type": 2,
        "id": 12,
        "cloneCount": 8
    },
    {
        "type": 3,
        "id": 33,
        "cloneCount": 8
    },
    {
        "type": 1,
        "id": 30,
        "cloneCount": 7
    },
    {
        "type": 1,
        "id": 47,
        "cloneCount": 7
    },
    {
        "type": 2,
        "id": 10,
        "cloneCount": 7
    },
    {
        "type": 2,
        "id": 18,
        "cloneCount": 7
    },
    {
        "type": 3,
        "id": 20,
        "cloneCount": 7
    },
    {
        "type": 3,
        "id": 42,
        "cloneCount": 7
    },
    {
        "type": 3,
        "id": 30,
        "cloneCount": 7
    },
    {
        "type": 3,
        "id": 27,
        "cloneCount": 7
    },
    {
        "type": 1,
        "id": 68,
        "cloneCount": 6
    },
    {
        "type": 2,
        "id": 19,
        "cloneCount": 6
    },
    {
        "type": 2,
        "id": 23,
        "cloneCount": 6
    },
    {
        "type": 3,
        "id": 38,
        "cloneCount": 6
    },
    {
        "type": 3,
        "id": 49,
        "cloneCount": 6
    },
    {
        "type": 1,
        "id": 7,
        "cloneCount": 5
    },
    {
        "type": 1,
        "id": 37,
        "cloneCount": 5
    },
    {
        "type": 1,
        "id": 63,
        "cloneCount": 5
    },
    {
        "type": 1,
        "id": 71,
        "cloneCount": 5
    },
    {
        "type": 1,
        "id": 33,
        "cloneCount": 5
    },
    {
        "type": 2,
        "id": 4,
        "cloneCount": 5
    },
    {
        "type": 3,
        "id": 5,
        "cloneCount": 5
    },
    {
        "type": 3,
        "id": 43,
        "cloneCount": 5
    },
    {
        "type": 3,
        "id": 9,
        "cloneCount": 5
    },
    {
        "type": 1,
        "id": 4,
        "cloneCount": 4
    },
    {
        "type": 1,
        "id": 3,
        "cloneCount": 4
    },
    {
        "type": 1,
        "id": 16,
        "cloneCount": 4
    },
    {
        "type": 1,
        "id": 52,
        "cloneCount": 4
    },
    {
        "type": 1,
        "id": 24,
        "cloneCount": 4
    },
    {
        "type": 1,
        "id": 22,
        "cloneCount": 4
    },
    {
        "type": 1,
        "id": 56,
        "cloneCount": 4
    },
    {
        "type": 1,
        "id": 70,
        "cloneCount": 4
    },
    {
        "type": 1,
        "id": 48,
        "cloneCount": 4
    },
    {
        "type": 1,
        "id": 36,
        "cloneCount": 4
    },
    {
        "type": 1,
        "id": 45,
        "cloneCount": 4
    },
    {
        "type": 1,
        "id": 66,
        "cloneCount": 4
    },
    {
        "type": 2,
        "id": 17,
        "cloneCount": 4
    },
    {
        "type": 2,
        "id": 1,
        "cloneCount": 4
    },
    {
        "type": 3,
        "id": 14,
        "cloneCount": 4
    },
    {
        "type": 3,
        "id": 29,
        "cloneCount": 4
    },
    {
        "type": 3,
        "id": 40,
        "cloneCount": 4
    },
    {
        "type": 3,
        "id": 47,
        "cloneCount": 4
    },
    {
        "type": 3,
        "id": 32,
        "cloneCount": 4
    },
    {
        "type": 3,
        "id": 37,
        "cloneCount": 4
    },
    {
        "type": 1,
        "id": 49,
        "cloneCount": 3
    },
    {
        "type": 1,
        "id": 25,
        "cloneCount": 3
    },
    {
        "type": 1,
        "id": 43,
        "cloneCount": 3
    },
    {
        "type": 1,
        "id": 62,
        "cloneCount": 3
    },
    {
        "type": 1,
        "id": 55,
        "cloneCount": 3
    },
    {
        "type": 1,
        "id": 61,
        "cloneCount": 3
    },
    {
        "type": 1,
        "id": 65,
        "cloneCount": 3
    },
    {
        "type": 2,
        "id": 2,
        "cloneCount": 3
    },
    {
        "type": 3,
        "id": 19,
        "cloneCount": 3
    },
    {
        "type": 3,
        "id": 6,
        "cloneCount": 3
    },
    {
        "type": 3,
        "id": 12,
        "cloneCount": 3
    },
    {
        "type": 1,
        "id": 2,
        "cloneCount": 2
    },
    {
        "type": 1,
        "id": 6,
        "cloneCount": 2
    },
    {
        "type": 1,
        "id": 10,
        "cloneCount": 2
    },
    {
        "type": 1,
        "id": 11,
        "cloneCount": 2
    },
    {
        "type": 1,
        "id": 14,
        "cloneCount": 2
    },
    {
        "type": 1,
        "id": 17,
        "cloneCount": 2
    },
    {
        "type": 1,
        "id": 19,
        "cloneCount": 2
    },
    {
        "type": 1,
        "id": 20,
        "cloneCount": 2
    },
    {
        "type": 1,
        "id": 23,
        "cloneCount": 2
    },
    {
        "type": 1,
        "id": 26,
        "cloneCount": 2
    },
    {
        "type": 1,
        "id": 29,
        "cloneCount": 2
    },
    {
        "type": 1,
        "id": 54,
        "cloneCount": 2
    },
    {
        "type": 1,
        "id": 57,
        "cloneCount": 2
    },
    {
        "type": 1,
        "id": 31,
        "cloneCount": 2
    },
    {
        "type": 1,
        "id": 38,
        "cloneCount": 2
    },
    {
        "type": 1,
        "id": 67,
        "cloneCount": 2
    },
    {
        "type": 1,
        "id": 34,
        "cloneCount": 2
    },
    {
        "type": 1,
        "id": 50,
        "cloneCount": 2
    },
    {
        "type": 1,
        "id": 64,
        "cloneCount": 2
    },
    {
        "type": 1,
        "id": 46,
        "cloneCount": 2
    },
    {
        "type": 1,
        "id": 41,
        "cloneCount": 2
    },
    {
        "type": 1,
        "id": 42,
        "cloneCount": 2
    },
    {
        "type": 2,
        "id": 6,
        "cloneCount": 2
    },
    {
        "type": 2,
        "id": 7,
        "cloneCount": 2
    },
    {
        "type": 2,
        "id": 8,
        "cloneCount": 2
    },
    {
        "type": 2,
        "id": 13,
        "cloneCount": 2
    },
    {
        "type": 2,
        "id": 16,
        "cloneCount": 2
    },
    {
        "type": 3,
        "id": 2,
        "cloneCount": 2
    },
    {
        "type": 3,
        "id": 4,
        "cloneCount": 2
    },
    {
        "type": 3,
        "id": 10,
        "cloneCount": 2
    },
    {
        "type": 3,
        "id": 13,
        "cloneCount": 2
    },
    {
        "type": 3,
        "id": 16,
        "cloneCount": 2
    },
    {
        "type": 3,
        "id": 21,
        "cloneCount": 2
    },
    {
        "type": 3,
        "id": 23,
        "cloneCount": 2
    },
    {
        "type": 3,
        "id": 24,
        "cloneCount": 2
    },
    {
        "type": 3,
        "id": 25,
        "cloneCount": 2
    },
    {
        "type": 3,
        "id": 31,
        "cloneCount": 2
    },
    {
        "type": 3,
        "id": 34,
        "cloneCount": 2
    },
    {
        "type": 3,
        "id": 35,
        "cloneCount": 2
    },
    {
        "type": 3,
        "id": 36,
        "cloneCount": 2
    },
    {
        "type": 3,
        "id": 39,
        "cloneCount": 2
    },
    {
        "type": 3,
        "id": 41,
        "cloneCount": 2
    },
    {
        "type": 3,
        "id": 44,
        "cloneCount": 2
    },
    {
        "type": 3,
        "id": 50,
        "cloneCount": 2
    },
    {
        "type": 3,
        "id": 55,
        "cloneCount": 2
    },
    {
        "type": 1,
        "id": 35,
        "cloneCount": 1
    },
    {
        "type": 1,
        "id": 40,
        "cloneCount": 1
    },
    {
        "type": 1,
        "id": 32,
        "cloneCount": 1
    },
    {
        "type": 1,
        "id": 72,
        "cloneCount": 1
    }
]