[
    {
        "path": "cmi/modules/smartfactory/src/main/java/org/ow2/cmi/smart/spi/SmartContext.java",
        "cloneCount": 81
    },
    {
        "path": "carol/src/org/objectweb/carol/jndi/spi/MultiOrbInitialContext.java",
        "cloneCount": 62
    },
    {
        "path": "carol/src/org/objectweb/carol/jndi/spi/IIOPContext.java",
        "cloneCount": 26
    },
    {
        "path": "carol/src/org/objectweb/carol/jndi/iiop/IIOPReferenceContextWrapper.java",
        "cloneCount": 25
    },
    {
        "path": "carol/src/org/objectweb/carol/jndi/spi/MultiContext.java",
        "cloneCount": 25
    },
    {
        "path": "carol/src/org/objectweb/carol/util/bootstrap/RemoteShell.java",
        "cloneCount": 24
    },
    {
        "path": "carol/irmi/src/org/objectweb/carol/irmi/Server.java",
        "cloneCount": 23
    },
    {
        "path": "irmi/src/org/objectweb/carol/irmi/Server.java",
        "cloneCount": 23
    },
    {
        "path": "carol/src/org/objectweb/carol/jndi/spi/JacORBIIOPContext.java",
        "cloneCount": 23
    },
    {
        "path": "cmi/tests/src/org/objectweb/carol/cmi/test/TeeWriter.java",
        "cloneCount": 22
    },
    {
        "path": "irmi/src/org/objectweb/carol/irmi/test/TeeWriter.java",
        "cloneCount": 22
    },
    {
        "path": "cmi/modules/jndi/src/main/java/org/ow2/carol/cmi/jndi/context/CMIContext.java",
        "cloneCount": 21
    },
    {
        "path": "cmi/src/org/objectweb/carol/cmi/ServerStubList.java",
        "cloneCount": 21
    },
    {
        "path": "carol/src/org/objectweb/carol/cmi/compiler/MethodContext.java",
        "cloneCount": 20
    },
    {
        "path": "carol/src/org/objectweb/carol/jndi/spi/JRMPLocalContext.java",
        "cloneCount": 19
    },
    {
        "path": "cmi/src/org/objectweb/carol/cmi/ha/interceptor/HACurrent.java",
        "cloneCount": 19
    },
    {
        "path": "cmi/modules/jndi/src/main/java/org/ow2/cmi/jndi/context/CMIContext.java",
        "cloneCount": 17
    },
    {
        "path": "carol/src/org/objectweb/carol/jndi/spi/JRMPContext.java",
        "cloneCount": 15
    },
    {
        "path": "carol/src/org/objectweb/carol/util/configuration/CarolConfiguration.java",
        "cloneCount": 15
    },
    {
        "path": "carol/src/org/objectweb/carol/jndi/spi/JEREMIEContext.java",
        "cloneCount": 14
    },
    {
        "path": "cmi/modules/admin/src/main/java/org/ow2/cmi/admin/CMIAdmin.java",
        "cloneCount": 14
    },
    {
        "path": "carol/src/org/objectweb/carol/rmi/jrmp/interceptor/JServerInterceptorHelper.java",
        "cloneCount": 14
    },
    {
        "path": "carol/src/org/objectweb/carol/rmi/jrmp/interceptor/JClientInterceptorHelper.java",
        "cloneCount": 14
    },
    {
        "path": "carol/src/org/objectweb/carol/util/bootstrap/ProcessesManager.java",
        "cloneCount": 14
    },
    {
        "path": "carol/src/org/objectweb/carol/jndi/registry/RegistryShell.java",
        "cloneCount": 14
    },
    {
        "path": "carol/src/org/objectweb/carol/rmi/jrmp/interceptor/JRMPClientRequestInfoImpl.java",
        "cloneCount": 12
    },
    {
        "path": "carol/src/org/objectweb/carol/rmi/jrmp/interceptor/JRMPServerRequestInfoImpl.java",
        "cloneCount": 12
    },
    {
        "path": "carol/src/org/objectweb/carol/jndi/ns/JRMPRegistry.java",
        "cloneCount": 11
    },
    {
        "path": "cmi/src/org/objectweb/carol/cmi/jndi/FlatCtx.java",
        "cloneCount": 11
    },
    {
        "path": "carol/src/org/objectweb/carol/rmi/multi/MultiPRODelegate.java",
        "cloneCount": 11
    },
    {
        "path": "carol/src/org/objectweb/carol/cmi/jndi/FlatCtx.java",
        "cloneCount": 10
    },
    {
        "path": "carol/src/org/objectweb/carol/jndi/enc/java/CompNamingContext.java",
        "cloneCount": 10
    },
    {
        "path": "cmi/modules/examples/src/main/java/org/ow2/cmi/test/JRMPHelloServer.java",
        "cloneCount": 9
    },
    {
        "path": "carol/src/org/objectweb/carol/cmi/ClusterRegistryImpl_Cluster.java",
        "cloneCount": 9
    },
    {
        "path": "irmi/src/org/objectweb/carol/irmi/test/MathTest.java",
        "cloneCount": 9
    },
    {
        "path": "carol/src/org/objectweb/carol/jndi/ns/JeremieRegistry.java",
        "cloneCount": 8
    },
    {
        "path": "cmi/modules/core-client/src/main/java/org/ow2/cmi/controller/client/ClientClusterViewManagerImpl.java",
        "cloneCount": 8
    },
    {
        "path": "carol/src/org/objectweb/carol/cmi/ClusterStubData.java",
        "cloneCount": 8
    },
    {
        "path": "cmi/modules/examples/src/main/java/org/ow2/cmi/test/IIOPHelloServer.java",
        "cloneCount": 7
    },
    {
        "path": "carol/src/org/objectweb/carol/jndi/jrmp/JRMPResourceContextWrapper.java",
        "cloneCount": 7
    },
    {
        "path": "carol/irmi/src/org/objectweb/carol/irmi/Ref.java",
        "cloneCount": 7
    },
    {
        "path": "irmi/src/org/objectweb/carol/irmi/Ref.java",
        "cloneCount": 7
    },
    {
        "path": "irmi/src/org/objectweb/carol/irmi/test/Command.java",
        "cloneCount": 7
    },
    {
        "path": "cmi/modules/jgroups/src/main/java/org/ow2/cmi/controller/server/impl/jgroups/SynchronizedDistributedTree.java",
        "cloneCount": 7
    },
    {
        "path": "carol/modules/carol/src/main/java/org/ow2/carol/jndi/spi/IIOPContext.java",
        "cloneCount": 6
    },
    {
        "path": "carol/modules/carol/src/main/java/org/ow2/carol/util/configuration/ProviderURLsParser.java",
        "cloneCount": 6
    },
    {
        "path": "carol/irmi/src/org/objectweb/carol/irmi/Pool.java",
        "cloneCount": 6
    },
    {
        "path": "irmi/src/org/objectweb/carol/irmi/Pool.java",
        "cloneCount": 6
    },
    {
        "path": "carol/irmi/src/org/objectweb/carol/irmi/CountOutputStream.java",
        "cloneCount": 6
    },
    {
        "path": "carol/modules/carol/src/main/java/org/ow2/carol/jndi/spi/JacORBIIOPContext.java",
        "cloneCount": 6
    },
    {
        "path": "irmi/src/org/objectweb/carol/irmi/CountOutputStream.java",
        "cloneCount": 6
    },
    {
        "path": "cmi/src/org/objectweb/carol/cmi/RegistryImplCluster.java",
        "cloneCount": 6
    },
    {
        "path": "carol/src/org/objectweb/carol/rmi/jrmp/interceptor/JRMPInitInfoImpl.java",
        "cloneCount": 6
    },
    {
        "path": "carol/src/org/objectweb/carol/util/bootstrap/JVMConfiguration.java",
        "cloneCount": 6
    },
    {
        "path": "cmi/tests/src/org/objectweb/carol/cmi/test/perf/PingServer_CStub.java",
        "cloneCount": 6
    },
    {
        "path": "cmi/modules/smartfactory/src/main/java/org/ow2/cmi/smart/message/ClassAnswer.java",
        "cloneCount": 5
    },
    {
        "path": "cmi/modules/smartfactory/src/main/java/org/ow2/cmi/smart/message/ResourceAnswer.java",
        "cloneCount": 5
    },
    {
        "path": "carol/irmi/src/org/objectweb/carol/irmi/RMIObjectInputStream.java",
        "cloneCount": 5
    },
    {
        "path": "irmi/src/org/objectweb/carol/irmi/RMIObjectInputStream.java",
        "cloneCount": 5
    },
    {
        "path": "carol/irmi/src/org/objectweb/carol/irmi/test/MathTest.java",
        "cloneCount": 5
    },
    {
        "path": "cmi/src/org/objectweb/carol/cmi/LowerOrb.java",
        "cloneCount": 5
    },
    {
        "path": "carol/src/org/objectweb/carol/jndi/ns/CmiRegistry.java",
        "cloneCount": 5
    },
    {
        "path": "carol/modules/carol/src/main/java/org/ow2/carol/rmi/jrmp/interceptor/wrapper/JClientRequestInfoWrapper.java",
        "cloneCount": 5
    },
    {
        "path": "carol/modules/carol/src/main/java/org/ow2/carol/rmi/jrmp/interceptor/wrapper/JServerRequestInfoWrapper.java",
        "cloneCount": 5
    },
    {
        "path": "cmi/modules/admin/src/main/java/org/ow2/carol/cmi/admin/CMIAdmin.java",
        "cloneCount": 5
    },
    {
        "path": "carol/src/org/objectweb/carol/util/bootstrap/RJVMShell.java",
        "cloneCount": 5
    },
    {
        "path": "cmi/modules/smartfactory/src/main/java/org/ow2/cmi/smart/message/ProviderURLsAnswer.java",
        "cloneCount": 4
    },
    {
        "path": "cmi/modules/smartfactory/src/main/java/org/ow2/cmi/smart/message/ClassNotFound.java",
        "cloneCount": 4
    },
    {
        "path": "cmi/modules/smartfactory/src/main/java/org/ow2/cmi/smart/message/ResourceNotFound.java",
        "cloneCount": 4
    },
    {
        "path": "cmi/modules/smartfactory/src/main/java/org/ow2/cmi/smart/message/ClassRequest.java",
        "cloneCount": 4
    },
    {
        "path": "cmi/modules/smartfactory/src/main/java/org/ow2/cmi/smart/message/ResourceRequest.java",
        "cloneCount": 4
    },
    {
        "path": "cmi/modules/rpc/src/main/java/org/ow2/cmi/rpc/StatefulPOJOInvocationHandler.java",
        "cloneCount": 4
    },
    {
        "path": "carol/irmi/src/org/objectweb/carol/irmi/Hashes.java",
        "cloneCount": 4
    },
    {
        "path": "irmi/src/org/objectweb/carol/irmi/Hashes.java",
        "cloneCount": 4
    },
    {
        "path": "irmi/src/org/objectweb/carol/irmi/test/Server.java",
        "cloneCount": 4
    },
    {
        "path": "carol/src/org/objectweb/carol/jndi/spi/CmiContext.java",
        "cloneCount": 4
    },
    {
        "path": "carol/src/org/objectweb/carol/jndi/registry/CmiRegistryWrapperContext.java",
        "cloneCount": 4
    },
    {
        "path": "cmi/src/org/objectweb/carol/cmi/DistributorSfsbHome.java",
        "cloneCount": 4
    },
    {
        "path": "cmi/tests/src/org/objectweb/carol/cmi/test/Command.java",
        "cloneCount": 4
    },
    {
        "path": "cmi/tests/src/org/objectweb/carol/cmi/test/MathTest.java",
        "cloneCount": 4
    },
    {
        "path": "carol/src/org/objectweb/carol/jndi/spi/AbsContext.java",
        "cloneCount": 4
    },
    {
        "path": "carol/src/org/objectweb/carol/jndi/ns/IRMIRegistry.java",
        "cloneCount": 4
    },
    {
        "path": "carol/modules/carol/src/main/java/org/ow2/carol/jndi/enc/java/CompNamingContext.java",
        "cloneCount": 4
    },
    {
        "path": "carol/src/org/objectweb/carol/jndi/enc/java/javaURLContext.java",
        "cloneCount": 4
    },
    {
        "path": "carol/modules/carol/src/main/java/org/ow2/carol/rmi/jrmp/interceptor/impl/JClientInterceptorHelper.java",
        "cloneCount": 4
    },
    {
        "path": "carol/modules/carol/src/main/java/org/ow2/carol/rmi/jrmp/interceptor/impl/JServerInterceptorHelper.java",
        "cloneCount": 4
    },
    {
        "path": "carol/modules/carol/src/main/java/org/ow2/carol/jndi/registry/jrmp/ManageableRegistry.java",
        "cloneCount": 4
    },
    {
        "path": "carol/modules/carol/src/test/java/org/ow2/carol/jtests/conform/basic/clients/MultiProtocolTests.java",
        "cloneCount": 4
    },
    {
        "path": "carol/test/src/org/objectweb/carol/jtests/conform/basic/clients/MultiProtocolTests.java",
        "cloneCount": 4
    },
    {
        "path": "carol/src/org/objectweb/carol/util/configuration/CarolDefaultValues.java",
        "cloneCount": 4
    },
    {
        "path": "carol/src/org/objectweb/carol/jndi/lmi/LmiInitialContext.java",
        "cloneCount": 4
    },
    {
        "path": "carol/src/org/objectweb/carol/cmi/ClusterRegistryImpl.java",
        "cloneCount": 4
    },
    {
        "path": "carol/src/org/objectweb/carol/cmi/compiler/ClusterConfigCompiler.java",
        "cloneCount": 4
    },
    {
        "path": "carol/src/org/objectweb/carol/cmi/compiler/ClusterStubCompiler.java",
        "cloneCount": 4
    },
    {
        "path": "carol/src/org/objectweb/carol/cmi/ClusterStub.java",
        "cloneCount": 4
    },
    {
        "path": "carol/src/org/objectweb/carol/jndi/ns/IIOPCosNaming.java",
        "cloneCount": 4
    },
    {
        "path": "carol/src/org/objectweb/carol/jndi/registry/jrmp/ManageableRegistry.java",
        "cloneCount": 4
    },
    {
        "path": "cmi/src/org/objectweb/carol/cmi/RegistryImpl.java",
        "cloneCount": 4
    },
    {
        "path": "cmi/src/org/objectweb/carol/cmi/ha/ServerUpdatingInfo.java",
        "cloneCount": 4
    },
    {
        "path": "cmi/modules/smartfactory/src/main/java/org/ow2/cmi/smart/message/FactoryNameAnswer.java",
        "cloneCount": 3
    },
    {
        "path": "cmi/modules/smartfactory/src/main/java/org/ow2/cmi/smart/message/ProviderURLsRequest.java",
        "cloneCount": 3
    },
    {
        "path": "cmi/modules/smartfactory/src/main/java/org/ow2/cmi/smart/message/FactoryNameRequest.java",
        "cloneCount": 3
    },
    {
        "path": "cmi/modules/config/src/main/java/org/ow2/cmi/config/ProviderURLsParser.java",
        "cloneCount": 3
    },
    {
        "path": "cmi/modules/rpc/src/main/java/org/ow2/cmi/rpc/POJOInvocationHandler.java",
        "cloneCount": 3
    },
    {
        "path": "carol/irmi/src/org/objectweb/carol/irmi/RMIObjectOutputStream.java",
        "cloneCount": 3
    },
    {
        "path": "irmi/src/org/objectweb/carol/irmi/RMIObjectOutputStream.java",
        "cloneCount": 3
    },
    {
        "path": "carol/modules/carol/src/main/java/org/ow2/carol/jndi/ns/IRMIRegistry.java",
        "cloneCount": 3
    },
    {
        "path": "carol/modules/carol/src/main/java/org/ow2/carol/jndi/ns/JRMPRegistry.java",
        "cloneCount": 3
    },
    {
        "path": "carol/src/org/objectweb/carol/jndi/iiop/IIOPContextWrapper.java",
        "cloneCount": 3
    },
    {
        "path": "cmi/modules/api/src/main/java/org/ow2/cmi/reference/util/ProviderURLParser.java",
        "cloneCount": 3
    },
    {
        "path": "carol/irmi/src/org/objectweb/carol/irmi/test/Command.java",
        "cloneCount": 3
    },
    {
        "path": "irmi/src/org/objectweb/carol/irmi/test/Trace.java",
        "cloneCount": 3
    },
    {
        "path": "carol/src/org/objectweb/carol/jndi/spi/IRMILocalContext.java",
        "cloneCount": 3
    },
    {
        "path": "carol/src/org/objectweb/carol/jndi/spi/CmiLocalContext.java",
        "cloneCount": 3
    },
    {
        "path": "cmi/src/org/objectweb/carol/cmi/DistributorHome.java",
        "cloneCount": 3
    },
    {
        "path": "irmi/src/org/objectweb/carol/irmi/test/RMITestDecorator.java",
        "cloneCount": 3
    },
    {
        "path": "cmi/src/org/objectweb/carol/cmi/DistributorEntityRemote.java",
        "cloneCount": 3
    },
    {
        "path": "cmi/src/org/objectweb/carol/cmi/DistributorSlsbRepHome.java",
        "cloneCount": 3
    },
    {
        "path": "cmi/modules/smartfactory/src/main/java/org/ow2/cmi/smart/server/SmartEndPoint.java",
        "cloneCount": 3
    },
    {
        "path": "carol/src/org/objectweb/carol/cmi/StubData.java",
        "cloneCount": 3
    },
    {
        "path": "cmi/src/org/objectweb/carol/cmi/MBeanUtils.java",
        "cloneCount": 3
    },
    {
        "path": "cmi/modules/smartfactory/src/main/java/org/ow2/cmi/smart/client/SmartClassLoader.java",
        "cloneCount": 3
    },
    {
        "path": "irmi/src/main/java/org/ow2/carol/irmi/Server.java",
        "cloneCount": 3
    },
    {
        "path": "cmi/modules/rpc/src/main/java/org/ow2/cmi/rpc/CMIProxyFactory.java",
        "cloneCount": 3
    },
    {
        "path": "carol/src/org/objectweb/carol/jndi/ns/OpenOrbCosNaming.java",
        "cloneCount": 3
    },
    {
        "path": "irmi/src/main/java/org/ow2/carol/irmi/CountOutputStream.java",
        "cloneCount": 3
    },
    {
        "path": "carol/src/org/objectweb/carol/rmi/multi/JeremiePRODelegate.java",
        "cloneCount": 3
    },
    {
        "path": "carol/modules/carol/src/main/java/org/ow2/carol/util/mbean/MBeanUtils.java",
        "cloneCount": 3
    },
    {
        "path": "carol/src/org/objectweb/carol/cmi/RegistryImplCluster.java",
        "cloneCount": 3
    },
    {
        "path": "carol/src/org/objectweb/carol/cmi/ServerStubList.java",
        "cloneCount": 3
    },
    {
        "path": "cmi/src/org/objectweb/carol/cmi/StubData.java",
        "cloneCount": 3
    },
    {
        "path": "cmi/modules/ejb2/src/main/java/org/ow2/carol/cmi/ejb2_1/rpc/ha/HAEJBObjectInvocationHandler.java",
        "cloneCount": 3
    },
    {
        "path": "carol/modules/carol/src/main/java/org/ow2/carol/jndi/spi/JRMPLocalContext.java",
        "cloneCount": 2
    },
    {
        "path": "cmi/modules/ha/src/main/java/org/ow2/cmi/ha/ReplicationManagerImpl.java",
        "cloneCount": 2
    },
    {
        "path": "cmi/modules/examples/src/main/java/org/ow2/cmi/test/TestClient.java",
        "cloneCount": 2
    },
    {
        "path": "carol/test/src/org/objectweb/carol/jtests/conform/basic/clients/jeremie/JeremieBasicTest.java",
        "cloneCount": 2
    },
    {
        "path": "carol/src/org/objectweb/carol/rmi/jrmp/interceptor/JContextStore.java",
        "cloneCount": 2
    },
    {
        "path": "carol/src/org/objectweb/carol/rmi/jrmp/server/JLocalObjectStore.java",
        "cloneCount": 2
    },
    {
        "path": "carol/irmi/src/org/objectweb/carol/irmi/CountSocketFactory.java",
        "cloneCount": 2
    },
    {
        "path": "irmi/src/org/objectweb/carol/irmi/CountSocketFactory.java",
        "cloneCount": 2
    },
    {
        "path": "carol/modules/carol/src/test/java/org/ow2/carol/jtests/conform/interceptor/jrmp/Initializer.java",
        "cloneCount": 2
    },
    {
        "path": "carol/modules/carol/src/test/java/org/ow2/carol/jtests/conform/interceptor/jrmp/dynamic/Initializer.java",
        "cloneCount": 2
    },
    {
        "path": "carol/irmi/src/org/objectweb/carol/irmi/test/Server.java",
        "cloneCount": 2
    },
    {
        "path": "irmi/src/org/objectweb/carol/irmi/test/Run.java",
        "cloneCount": 2
    },
    {
        "path": "carol/test/src/org/objectweb/carol/jtests/conform/basic/clients/rmiiiop/IiopBasicTest.java",
        "cloneCount": 2
    },
    {
        "path": "carol/test/src/org/objectweb/carol/jtests/conform/basic/clients/rmijrmp/JrmpBasicTest.java",
        "cloneCount": 2
    },
    {
        "path": "carol/irmi/src/org/objectweb/carol/irmi/Timer.java",
        "cloneCount": 2
    },
    {
        "path": "irmi/src/org/objectweb/carol/irmi/Timer.java",
        "cloneCount": 2
    },
    {
        "path": "carol/irmi/src/org/objectweb/carol/irmi/test/Trace.java",
        "cloneCount": 2
    },
    {
        "path": "carol/irmi/src/org/objectweb/carol/irmi/test/RMITestDecorator.java",
        "cloneCount": 2
    },
    {
        "path": "cmi/tests/src/org/objectweb/carol/cmi/test/Server.java",
        "cloneCount": 2
    },
    {
        "path": "cmi/src/org/objectweb/carol/cmi/DistributorRepHome.java",
        "cloneCount": 2
    },
    {
        "path": "cmi/src/org/objectweb/carol/cmi/DistributorEntityHome.java",
        "cloneCount": 2
    },
    {
        "path": "cmi/src/org/objectweb/carol/cmi/DistributorSfsbRemote.java",
        "cloneCount": 2
    },
    {
        "path": "carol/modules/carol-iiop-delegate/src/main/java/org/objectweb/carol/util/delegate/UtilDelegateImpl.java",
        "cloneCount": 2
    },
    {
        "path": "carol/modules/carol-iiop-delegate/src/main/java/org/ow2/carol/util/delegate/UtilDelegateImpl.java",
        "cloneCount": 2
    },
    {
        "path": "cmi/src/org/objectweb/carol/cmi/ha/ReplicationManagerImpl.java",
        "cloneCount": 2
    },
    {
        "path": "cmi/modules/ejb2/src/main/java/org/ow2/carol/cmi/ejb2_1/reference/EJBHomeWrapper.java",
        "cloneCount": 2
    },
    {
        "path": "cmi/modules/ejb2/src/main/java/org/ow2/carol/cmi/ejb2_1/reference/EJBObjectWrapper.java",
        "cloneCount": 2
    },
    {
        "path": "carol/modules/carol/src/main/java/org/ow2/carol/rmi/multi/IrmiPRODelegate.java",
        "cloneCount": 2
    },
    {
        "path": "carol/src/org/objectweb/carol/util/bootstrap/RJVMServerDaemon.java",
        "cloneCount": 2
    },
    {
        "path": "carol/src/org/objectweb/carol/cmi/RegistryClient.java",
        "cloneCount": 2
    },
    {
        "path": "carol/modules/carol/src/main/java/org/ow2/carol/jndi/spi/JRMPContext.java",
        "cloneCount": 2
    },
    {
        "path": "carol/src/org/objectweb/carol/rmi/multi/IrmiPRODelegate.java",
        "cloneCount": 2
    },
    {
        "path": "cmi/src/org/objectweb/carol/cmi/RegistryClient.java",
        "cloneCount": 2
    },
    {
        "path": "carol/src/org/objectweb/carol/util/mbean/MBeanUtils.java",
        "cloneCount": 2
    },
    {
        "path": "cmi/src/org/objectweb/carol/cmi/bean/CMIImpl.java",
        "cloneCount": 2
    },
    {
        "path": "cmi/src/org/objectweb/carol/cmi/CmiInputStream.java",
        "cloneCount": 2
    },
    {
        "path": "cmi/modules/api/src/main/java/org/ow2/carol/cmi/info/ClusteredObjectInfo.java",
        "cloneCount": 2
    },
    {
        "path": "cmi/modules/core-server/src/main/java/org/ow2/carol/cmi/controller/server/DistributedObjectInfo.java",
        "cloneCount": 2
    },
    {
        "path": "cmi/modules/core-server/src/main/java/org/ow2/carol/cmi/controller/server/AbsServerClusterViewManager.java",
        "cloneCount": 2
    },
    {
        "path": "cmi/modules/core-common/src/main/java/org/ow2/cmi/reference/RemoteCMIReferenceableWrapper.java",
        "cloneCount": 2
    },
    {
        "path": "carol/modules/carol/src/main/java/org/ow2/carol/jndi/registry/AbsRegistryWrapperContext.java",
        "cloneCount": 2
    },
    {
        "path": "carol/modules/carol/src/main/java/org/ow2/carol/rmi/multi/MultiPRODelegate.java",
        "cloneCount": 2
    },
    {
        "path": "cmi/modules/lb/src/main/java/org/ow2/cmi/lb/util/PolicyFactory.java",
        "cloneCount": 2
    },
    {
        "path": "carol/modules/carol/src/test/java/org/ow2/carol/jtests/conform/basic/server/BasicMultiObject.java",
        "cloneCount": 2
    },
    {
        "path": "irmi/src/main/java/org/ow2/carol/irmi/RMIObjectInputStream.java",
        "cloneCount": 2
    },
    {
        "path": "carol/modules/carol/src/main/java/org/ow2/carol/rmi/jrmp/server/JUnicastServerRef.java",
        "cloneCount": 2
    },
    {
        "path": "carol/test/src/org/objectweb/carol/jtests/conform/basic/server/BasicMultiObject.java",
        "cloneCount": 2
    },
    {
        "path": "cmi/modules/ejb2/src/main/java/org/ow2/cmi/ejb2_1/rpc/ha/HAEJBHomeInvocationHandler.java",
        "cloneCount": 2
    },
    {
        "path": "cmi/modules/ejb2/src/main/java/org/ow2/cmi/ejb2_1/rpc/EJBHomeInvocationHandler.java",
        "cloneCount": 2
    },
    {
        "path": "carol/src/org/objectweb/carol/util/configuration/CommunicationConfiguration.java",
        "cloneCount": 2
    },
    {
        "path": "carol/src/org/objectweb/carol/util/bootstrap/RJVMConfiguration.java",
        "cloneCount": 2
    },
    {
        "path": "cmi/modules/core-server/src/main/java/org/ow2/cmi/controller/server/AbsServerClusterViewManager.java",
        "cloneCount": 2
    },
    {
        "path": "carol/src/org/objectweb/carol/jndi/ns/NameServiceManager.java",
        "cloneCount": 2
    },
    {
        "path": "carol/modules/carol/src/test/java/org/ow2/carol/jtests/conform/util/ProcessRunner.java",
        "cloneCount": 2
    },
    {
        "path": "irmi/src/main/java/org/ow2/carol/irmi/Ref.java",
        "cloneCount": 2
    },
    {
        "path": "carol/src/org/objectweb/carol/cmi/compiler/TemplateCompiler.java",
        "cloneCount": 2
    },
    {
        "path": "carol/src/org/objectweb/carol/cmi/compiler/MethodConf.java",
        "cloneCount": 2
    },
    {
        "path": "carol/src/org/objectweb/carol/cmi/Random.java",
        "cloneCount": 2
    },
    {
        "path": "carol/src/org/objectweb/carol/cmi/RoundRobin.java",
        "cloneCount": 2
    },
    {
        "path": "carol/test/src/org/objectweb/carol/jtests/conform/util/ProcessRunner.java",
        "cloneCount": 2
    },
    {
        "path": "carol/src/org/objectweb/carol/jndi/ns/JacORBCosNaming.java",
        "cloneCount": 2
    },
    {
        "path": "carol/src/org/objectweb/carol/jndi/registry/AbsRegistryWrapperContext.java",
        "cloneCount": 2
    },
    {
        "path": "carol/modules/carol/src/main/java/org/ow2/carol/rmi/exception/NoSuchObjectExceptionHelper.java",
        "cloneCount": 2
    },
    {
        "path": "carol/src/org/objectweb/carol/rmi/exception/NoSuchObjectExceptionHelper.java",
        "cloneCount": 2
    },
    {
        "path": "cmi/modules/jgroups/src/main/java/org/ow2/cmi/controller/server/impl/jgroups/JGroupsClusterViewManager.java",
        "cloneCount": 2
    },
    {
        "path": "carol/src/org/objectweb/carol/cmi/WeakList.java",
        "cloneCount": 2
    },
    {
        "path": "cmi/src/org/objectweb/carol/cmi/WeakList.java",
        "cloneCount": 2
    },
    {
        "path": "carol/modules/carol/src/main/java/org/ow2/carol/rmi/jrmp/interceptor/impl/JInterceptorStore.java",
        "cloneCount": 2
    },
    {
        "path": "cmi/modules/core-client/src/main/java/org/ow2/carol/cmi/controller/client/ClientClusterViewManagerImpl.java",
        "cloneCount": 2
    },
    {
        "path": "cmi/modules/lb/src/main/java/org/ow2/cmi/lb/util/LBPolicyFactory.java",
        "cloneCount": 2
    },
    {
        "path": "cmi/modules/jgroups/src/main/java/org/ow2/carol/cmi/controller/server/impl/jgroups/JGroupsClusterViewManager.java",
        "cloneCount": 2
    },
    {
        "path": "carol/irmi/src/org/objectweb/carol/irmi/test/Run.java",
        "cloneCount": 1
    },
    {
        "path": "carol/irmi/src/org/objectweb/carol/irmi/PRO.java",
        "cloneCount": 1
    },
    {
        "path": "irmi/src/org/objectweb/carol/irmi/PRO.java",
        "cloneCount": 1
    },
    {
        "path": "carol/irmi/src/org/objectweb/carol/irmi/CountInputStream.java",
        "cloneCount": 1
    },
    {
        "path": "irmi/src/org/objectweb/carol/irmi/CountInputStream.java",
        "cloneCount": 1
    },
    {
        "path": "carol/irmi/src/org/objectweb/carol/irmi/ClientLogger.java",
        "cloneCount": 1
    },
    {
        "path": "irmi/src/org/objectweb/carol/irmi/ClientLogger.java",
        "cloneCount": 1
    },
    {
        "path": "carol/irmi/src/org/objectweb/carol/irmi/jndi/rmi/rmiURLContextFactory.java",
        "cloneCount": 1
    },
    {
        "path": "irmi/src/org/objectweb/carol/irmi/jndi/rmi/rmiURLContextFactory.java",
        "cloneCount": 1
    },
    {
        "path": "cmi/tests/src/org/objectweb/carol/cmi/test/DarkCornersTest.java",
        "cloneCount": 1
    },
    {
        "path": "irmi/src/org/objectweb/carol/irmi/test/DarkCornersTest.java",
        "cloneCount": 1
    },
    {
        "path": "cmi/tests/src/org/objectweb/carol/cmi/test/Trace.java",
        "cloneCount": 1
    },
    {
        "path": "cmi/tests/src/org/objectweb/carol/cmi/test/Run.java",
        "cloneCount": 1
    },
    {
        "path": "cmi/src/org/objectweb/carol/cmi/DistributorSlsbRepRemote.java",
        "cloneCount": 1
    },
    {
        "path": "carol/modules/carol/src/main/java/org/objectweb/carol/util/configuration/CarolDefaultValues.java",
        "cloneCount": 1
    },
    {
        "path": "carol/modules/carol/src/main/java/org/ow2/carol/util/configuration/CarolDefaultValues.java",
        "cloneCount": 1
    },
    {
        "path": "carol/modules/carol/src/main/java/org/ow2/carol/jndi/spi/IIOPContextWrapperFactory.java",
        "cloneCount": 1
    },
    {
        "path": "carol/modules/carol/src/main/java/org/ow2/carol/jndi/spi/JacORBIIOPContextWrapperFactory.java",
        "cloneCount": 1
    },
    {
        "path": "cmi/modules/core-common/src/main/java/org/ow2/cmi/controller/provider/ClusteredClientClusterViewProvider.java",
        "cloneCount": 1
    },
    {
        "path": "carol/src/org/objectweb/carol/jndi/spi/IIOPContextWrapperFactory.java",
        "cloneCount": 1
    },
    {
        "path": "carol/src/org/objectweb/carol/jndi/spi/JacORBIIOPContextWrapperFactory.java",
        "cloneCount": 1
    },
    {
        "path": "carol/modules/carol/src/main/java/org/ow2/carol/util/configuration/ConfigurationRepository.java",
        "cloneCount": 1
    },
    {
        "path": "cmi/modules/config/src/main/java/org/ow2/cmi/config/UtilConfig.java",
        "cloneCount": 1
    },
    {
        "path": "carol/modules/carol/src/main/java/org/ow2/carol/jndi/registry/RegistryCreator.java",
        "cloneCount": 1
    },
    {
        "path": "cmi/modules/ejb2/src/main/java/org/ow2/cmi/ejb2_1/rpc/ha/HAEJBObjectInvocationHandler.java",
        "cloneCount": 1
    },
    {
        "path": "cmi/modules/ejb2/src/main/java/org/ow2/cmi/ejb2_1/rpc/EJBObjectInvocationHandler.java",
        "cloneCount": 1
    },
    {
        "path": "carol/test/src/org/objectweb/carol/jtests/conform/basic/clients/lmi/LmiBasicTest.java",
        "cloneCount": 1
    },
    {
        "path": "cmi/modules/core-common/src/main/java/org/ow2/cmi/pool/StubOrProxyFactory.java",
        "cloneCount": 1
    },
    {
        "path": "carol/modules/carol/src/main/java/org/ow2/carol/jndi/spi/IRMIContext.java",
        "cloneCount": 1
    },
    {
        "path": "carol/test/src/org/objectweb/carol/jtests/conform/interceptor/iiop/IIOPInitializer.java",
        "cloneCount": 1
    },
    {
        "path": "carol/test/src/org/objectweb/carol/jtests/conform/interceptor/jrmp/Initializer.java",
        "cloneCount": 1
    },
    {
        "path": "carol/src/org/objectweb/carol/util/configuration/CarolCurrentConfiguration.java",
        "cloneCount": 1
    },
    {
        "path": "carol/src/org/objectweb/carol/util/multi/ProtocolCurrent.java",
        "cloneCount": 1
    },
    {
        "path": "carol/src/org/objectweb/carol/rmi/multi/JrmpPRODelegate.java",
        "cloneCount": 1
    },
    {
        "path": "carol/src/org/objectweb/carol/cmi/WeakCache.java",
        "cloneCount": 1
    },
    {
        "path": "cmi/modules/examples/src/test/java/org/ow2/cmi/ng/test/IIOPHelloServerTest.java",
        "cloneCount": 1
    },
    {
        "path": "cmi/modules/examples/src/test/java/org/ow2/cmi/ng/test/JRMPHelloServerTest.java",
        "cloneCount": 1
    },
    {
        "path": "carol/src/org/objectweb/carol/jndi/spi/IRMIContext.java",
        "cloneCount": 1
    },
    {
        "path": "carol/src/org/objectweb/carol/cmi/RegistryStubList.java",
        "cloneCount": 1
    },
    {
        "path": "carol/src/org/objectweb/carol/cmi/DistributedEquivSystem.java",
        "cloneCount": 1
    },
    {
        "path": "carol/src/org/objectweb/carol/jndi/registry/RegistryCreator.java",
        "cloneCount": 1
    },
    {
        "path": "cmi/src/org/objectweb/carol/cmi/DistributedEquivSystem.java",
        "cloneCount": 1
    },
    {
        "path": "cmi/src/org/objectweb/carol/cmi/RegistryStubList.java",
        "cloneCount": 1
    },
    {
        "path": "cmi/src/org/objectweb/carol/cmi/DistributedEquiv.java",
        "cloneCount": 1
    },
    {
        "path": "cmi/src/org/objectweb/carol/cmi/PRODelegate.java",
        "cloneCount": 1
    },
    {
        "path": "cmi/src/org/objectweb/carol/cmi/ha/TimerManagerCMI.java",
        "cloneCount": 1
    },
    {
        "path": "carol/modules/carol/src/test/java/org/ow2/carol/jtests/conform/interceptor/iiop/IIOPInitializer.java",
        "cloneCount": 1
    },
    {
        "path": "cmi/tests/src/org/objectweb/carol/cmi/test/CMITestDecorator.java",
        "cloneCount": 1
    },
    {
        "path": "carol/modules/carol/src/main/java/org/ow2/carol/jndi/ns/JacORBCosNaming.java",
        "cloneCount": 1
    },
    {
        "path": "carol/modules/carol/src/main/java/org/ow2/carol/jndi/ns/IIOPCosNaming.java",
        "cloneCount": 1
    },
    {
        "path": "carol/modules/carol/src/test/java/org/ow2/carol/ant/JunitFormatter.java",
        "cloneCount": 1
    },
    {
        "path": "carol/modules/carol/src/main/java/org/ow2/carol/rmi/jrmp/interceptor/impl/JInterceptorHelper.java",
        "cloneCount": 1
    },
    {
        "path": "cmi/src/org/objectweb/carol/cmi/NamingContext.java",
        "cloneCount": 1
    },
    {
        "path": "cmi/modules/jndi/src/main/java/org/ow2/carol/cmi/jndi/context/CMIInitialContextFactory.java",
        "cloneCount": 1
    },
    {
        "path": "cmi/modules/ejb2/src/main/java/org/ow2/carol/cmi/ejb2_1/rpc/EJBHomeInvocationHandler.java",
        "cloneCount": 1
    },
    {
        "path": "cmi/modules/ejb2/src/main/java/org/ow2/carol/cmi/ejb2_1/rpc/EJBObjectInvocationHandler.java",
        "cloneCount": 1
    },
    {
        "path": "cmi/modules/ejb2/src/main/java/org/ow2/carol/cmi/ejb2_1/rpc/ha/HAEJBHomeInvocationHandler.java",
        "cloneCount": 1
    }
]