<?xml version="1.0" encoding="UTF-8"?>
<!DOCTYPE book PUBLIC "-//OASIS//DTD DocBook XML V4.4//EN"
"http://www.oasis-open.org/docbook/xml/4.4/docbookx.dtd">
<book>
  <bookinfo>
    <title>CMI Developer Guide</title>

    <authorgroup>
      <author>
        <surname>Bouzonnet</surname>

        <firstname>Loris</firstname>
      </author>

      <corpauthor>JOnAS Team</corpauthor>
    </authorgroup>

    <copyright>
      <year>2007</year>

      <holder>OW2 Consortium</holder>
    </copyright>

    <abstract>
      <para>The CMI developer guide is intended for developers wanting to work
      with the source distribution of CMI. People wanted to contribute to CMI
      should read this documentation.</para>
    </abstract>

    <date>August 2007</date>

    <productname>CMI</productname>

    <productnumber>2.0.0</productnumber>

    <mediaobject>
      <imageobject>
        <imagedata fileref="images/logo-cmi.png" />
      </imageobject>
    </mediaobject>

    <pubdate>$Id: developerguide.xml 1254 2007-08-31 18:43:02Z loris
    $</pubdate>
  </bookinfo>

  <chapter>
    <title>Design</title>

    <para>This section describes the design of CMI..</para>

    <section>
      <title>The interceptions in CMI</title>

      <para>Interceptions allow to modify transparently an action performed by
      an user. In CMI, she occurs at two moments:</para>

      <orderedlist>
        <listitem>
          <para>Reading/writing into a registry ;</para>

          <para>The JNDI context defined by the class
          <classname>org.ow2.carol.cmi.jndi.context.CMIContext</classname>
          intercepts the accesses to the registries.</para>

          <para>An instance of
          <classname>org.ow2.carol.cmi.jndi.context.CMIContext</classname> is
          for a given protocol (<abbrev>e.g.</abbrev> <acronym>jrmp</acronym>,
          <acronym>iiop</acronym> or <acronym>irmi</acronym>).</para>

          <para>Instances of
          <classname>org.ow2.carol.cmi.jndi.context.CMIContext</classname> can
          wrap an object having as interface
          <interfacename>javax.naming.Context</interfacename> when writings
          (on a local registry) are needed.</para>
        </listitem>

        <listitem>
          <para>Invocation of methods on a clustered object.</para>

          <para>The proxy defined by the interface
          <interfacename>org.ow2.carol.cmi.rpc.CMIProxy</interfacename>
          intercepts the invocations of methods on a clustered object.</para>
        </listitem>
      </orderedlist>

      <para>Each interceptor references the single instance of manager that
      belongs to the JVM.</para>
    </section>

    <section>
      <title>The managers of the cluster view</title>

      <para>They implement the interface
      <interfacename>org.ow2.carol.cmi.controller.common.ClusterViewManager</interfacename>.
      An object implementing this interface must be a singleton. So several
      contexts, in one or several threads, share the same manager, and avoids
      network traffic.</para>

      <para>The following schema displays this:</para>

      <para><mediaobject>
          <imageobject>
            <imagedata align="center" fileref="images/contents_of_jvm.png" />
          </imageobject>

          <textobject>
            <para>Content of one JVM</para>
          </textobject>

          <caption><para>While a manager of the cluster view is a singleton,
          several instances of CMIContext can be instanced in a same
          JVM.</para></caption>
        </mediaobject><note>
          <para>If a context is for a given protocol, the managers (located on
          the server-side) handle equally all protocols.</para>
        </note>It exits two kinds of manager:</para>

      <orderedlist>
        <listitem>
          <para>Client-side manager (that implements
          <interfacename>org.ow2.carol.cmi.controller.client.ClientClusterViewManager</interfacename>)
          ;</para>

          <para>They are specific at a protocol, and pull periodically the
          cluster view from a manager located on the server-side. They cannot
          modify the cluster view.</para>
        </listitem>

        <listitem>
          <para>Server-side manager (that implements
          <interfacename>org.ow2.carol.cmi.controller.server.ServerClusterViewManager</interfacename>).</para>

          <para>They are not specific for a protocol, and can either pull or
          push the cluster view from an another manager located on the
          server-side. They can modify the cluster view. The default
          implementation uses JGroups but a SPI allows to modify it (see <link
          linkend="chapter_spi">the last chapter</link>).</para>
        </listitem>
      </orderedlist>

      <section>
        <title>Load-balancing</title>

        <para>Unlike the previous version of CMI, the choice of a server is
        done among a list of references, and no more a list of stubs. The next
        section describes the introduced types of reference.</para>

        <section>
          <title>Modeling of the objects eligible at load-balancing</title>

          <para>The interface
          <interfacename>org.ow2.carol.cmi.lb.LoadBalanceable</interfacename>
          is the common interface for references. There are two kinds of
          reference:</para>

          <itemizedlist>
            <listitem>
              <para>The class
              <classname>org.ow2.carol.cmi.reference.ServerRef</classname>
              models a reference on a server or a regstry ;</para>
            </listitem>

            <listitem>
              <para>The class
              <classname>org.ow2.carol.cmi.reference.CMIReference</classname>
              models a reference on an instance (in the cluster) of a
              clustered object.</para>

              <para>An instance of this class is the aggregation of a name of
              object with an instance of the class
              <classname>org.ow2.carol.cmi.reference.ServerRef</classname>.</para>
            </listitem>
          </itemizedlist>

          <para>The following schema shows the mentioned dependencies:</para>

          <para><mediaobject>
              <imageobject>
                <imagedata align="center"
                           fileref="images/load_balanceables.png" />
              </imageobject>

              <caption><para>The interface
              <interfacename>org.ow2.carol.cmi.lb.LoadBalanceable</interfacename>
              and its implementations</para></caption>
            </mediaobject></para>
        </section>

        <section>
          <title>The policies</title>

          <para>Policies provide a method to choose one reference among a
          list. They also provide methods to ensure failover when the chosen
          reference is not valid.</para>
        </section>

        <section>
          <title>The strategies</title>

          <para>Strategies are a common property of all policies, so as any
          properties, they are optional. Because strategies are applied before
          policies, they allow to modify policies. Strategies provide a method
          to choose a list of references among an other list of
          references.</para>
        </section>

        <section>
          <title>The properties</title>

          <para>Unlike strategies that are a common property, each policy can
          have specific properties.</para>
        </section>

        <section>
          <title>Setting and updating these data</title>

          <para>These data are set initially at the deployment of a clustered
          object. Next thy can be updated dynamically by using the MBean
          having as interface
          <interfacename>org.ow2.carol.cmi.admin.CMIAdminMBean</interfacename>.</para>
        </section>
      </section>

      <section>
        <title>Reading a registry</title>

        <para>When the operation <methodname>lookup(Name)</methodname> is
        performed, the interceptor-context checks if the given name
        corresponds to a clustered object.</para>

        <itemizedlist>
          <listitem>
            <para>If it does, an other interceptor (that implements the
            interface
            <interfacename>org.ow2.carol.cmi.rpc.CMIProxy</interfacename>) is
            returned to the client.</para>

            <para>At this time, no access to the remote registry is
            done.</para>
          </listitem>

          <listitem>
            <para>If it doesn't, the interceptor-context selects, either a
            remote registry for a client, or the local registry for a server,
            and throws the call.</para>
          </listitem>
        </itemizedlist>

        <para>When the operations <methodname>list(Name)</methodname> and
        <methodname>listBindings(Name)</methodname> are performed, the
        interceptor-context selects, either a remote registry for a client, or
        the local registry for a server, and throws the call.</para>

        <para><note>
            <para>A context is also a clustered object (only for clients) in
            order to provide a load-balancing of the readings into the
            registry.</para>

            <para>This feature is not available on a server, because the
            objects that are not clustered are always accessed from the local
            registry.</para>
          </note></para>
      </section>

      <section id="sec_add_obj">
        <title>Adding a clustered object</title>

        <para>When the operations <methodname>bind(Name,
        Object)</methodname>or <methodname>rebind(Name, Object)</methodname>
        are performed, the interceptor-context checks if the given object
        corresponds to a clustered object. Three cases are possibles:</para>

        <orderedlist>
          <listitem>
            <para>The object implements the interface
            <interfacename>org.ow2.carol.cmi.jndi.ClusteredObject</interfacename>
            ;</para>
          </listitem>

          <listitem>
            <para>The object doesn't implement the interface
            <interfacename>org.ow2.carol.cmi.jndi.ClusteredObject</interfacename>
            but is registered in the repository defined by the class
            <classname>org.ow2.carol.cmi.info.CMIInfoRepository</classname>
            ;</para>
          </listitem>

          <listitem>
            <para>None of these two cases.</para>
          </listitem>
        </orderedlist>

        <para>In the two first cases, the object is clustered, but in the last
        it is not.</para>
      </section>

      <section>
        <title>Invoking a method on a clustered object</title>

        <para>An instance of
        <classname>org.ow2.carol.cmi.rpc.CMIProxy</classname> intercepts
        invocations of method on a clustered object. The handler for these
        invocations is defined by the class
        <classname>org.ow2.carol.cmi.rpc.CMIInvocationHandler</classname>. In
        a first time, a server is chosen thanks to the policy and strategy of
        load-balancing that were defined by the administrator. We see the
        chapter 3 how to define these. Once the server is chosen, a surrogate
        (a stub or a proxy) is needed to allow the invocation. Each manager of
        the cluster view maintains a pool of such surrogates.</para>

        <para>The following figure illustrates the step of an invocation, when
        the surrogate is missing from the pool:</para>

        <para><mediaobject>
            <imageobject>
              <imagedata align="center" fileref="images/lazy_lookup.png" />
            </imageobject>

            <textobject>
              <para>Lazy-lookup</para>
            </textobject>

            <caption><para>Firstly, the proxy tries to get the surrogate for a
            given clustered object and a given server.</para><para>Next,
            because the pool doesn't contain the surrogate, it downloads this
            by performing a lookup onto a registry.</para><para>Finally, he
            surrogate is kept in the pool and the proxy can invoke the method
            of the clustered object.</para></caption>
          </mediaobject></para>
      </section>

      <section>
        <title>About Carol</title>

        <para>Carol provides a full support of multiprotocols, while CMI uses
        one protocol by JVM. Carol has also a service provider interface to
        define interceptors with <acronym>jrmp</acronym>. These are some good
        reasons to uses CMI embedded in Carol.</para>

        <para><note>
            <para>It is possible to force CMI to use many protocols in a same
            JVM. The following example shows the manner:</para>

            <para><example>
                <title>Forcing CMI to use many protocols in a same JVM</title>

                <screen>JNDIConfig.setProtocol("jrmp");
MyPRO myPROjrmp = new MyPRO();
JNDIConfig.setProtocol("iiop");
MyPRO myPROiiop = new MyPRO();</screen>

                <para><classname>MyPRO</classname> extends the class
                <classname>javax.rmi.PortableRemoteObject</classname>. The
                call at the method
                <methodname>setProtocol(String)</methodname> changes the
                protocol to uses when exporting an instance of
                <classname>MyPRO</classname>.</para>
              </example></para>
          </note></para>
      </section>
    </section>
  </chapter>

  <chapter>
    <title id="chapter_spi">Providing an other implementation of the
    managers</title>

    <para>CMI provides a service provider interface to allow the use of an
    other implementation of the managers of the cluster view. At this time,
    only the implementation of the interface
    <interfacename>org.ow2.carol.cmi.controller.server.ServerClusterViewManager</interfacename>
    can be changed by specifying a new name of class for the property
    <property>cmi.server.impl.class</property>.</para>
  </chapter>
</book>