<?xml version="1.0" encoding="ISO-8859-1" standalone="no"?>

<!DOCTYPE document SYSTEM '../../../common/dtd/objectweb.dtd'>

<document>

  <properties>
    <author email="carol@objectweb.org">carol@objectweb.org</author>
    <title>Download</title>
    <filename>index.xml</filename>
    <pathtoroot>..</pathtoroot>
  </properties>

  <body>
    <s1 name="Download">

      <p>You can download CAROL packages from the <a
      href="http://forge.objectweb.org/project/showfiles.php?group_id=26">ObjectWeb
      Forge</a>.</p>
      
      <p>You can also download CAROL from <a
      href="http://forge.objectweb.org/cvs/?group_id=26">CVS</a>. You
      may either use, at your own risk, the latest CVS release (simply
      check it out using your favorite CVS tool), or one of the tagged
      versions.</p>

    </s1>

  </body>

</document>
